{
  "project_info": {
    "project_number": "926564805605",
    "project_id": "app-be344",
    "storage_bucket": "app-be344.appspot.com"
  },
  "client": [
    {
      "client_info": {
        "mobilesdk_app_id": "1:926564805605:android:e069c64b283cc4919a9d0c",
        "android_client_info": {
          "package_name": "com.example.secureapp"
        }
      },
      "oauth_client": [
        {
          "client_id": "926564805605-4seabi5es1dhlpkftnmr45k19mn528ng.apps.googleusercontent.com",
          "client_type": 3
        }
      ],
      "api_key": [
        {
          "current_key": "AIzaSyCtui4lDnDtYh-iwK6pb7705S9O4Sc0inY"
        }
      ],
      "services": {
        "appinvite_service": {
          "other_platform_oauth_client": [
            {
              "client_id": "926564805605-4seabi5es1dhlpkftnmr45k19mn528ng.apps.googleusercontent.com",
              "client_type": 3
            }
          ]
        }
      }
    }
  ],
  "configuration_version": "1"
}